cluster,keyword,priority,serp_status,confidence_note
pajak,"kalkulator pajak belanja pemerintah",P0,NOT_FULLY_AUDITED,"Editorial hypothesis; verify live top 10 and GSC"
pajak,"kalkulator PPh 22 bendahara pemerintah",P0,NOT_FULLY_AUDITED,"Editorial hypothesis; verify live top 10 and GSC"
pajak,"pajak belanja makan minum pemerintah",P0,NOT_FULLY_AUDITED,"Editorial hypothesis; verify live top 10 and GSC"
pajak,"pajak jasa catering pemerintah daerah",P0,NOT_FULLY_AUDITED,"Editorial hypothesis; verify live top 10 and GSC"
pajak,"PPh 22 belanja di bawah 2 juta",P0,NOT_FULLY_AUDITED,"Editorial hypothesis; verify live top 10 and GSC"
pajak,"PPh 23 jasa konsultan pemerintah",P0,NOT_FULLY_AUDITED,"Editorial hypothesis; verify live top 10 and GSC"
pajak,"cara menghitung DPP PPN belanja pemerintah",P0,NOT_FULLY_AUDITED,"Editorial hypothesis; verify live top 10 and GSC"
pajak,"pajak ATK bendahara pemerintah",P0,NOT_FULLY_AUDITED,"Editorial hypothesis; verify live top 10 and GSC"
pajak,"pajak belanja marketplace pemerintah",P0,NOT_FULLY_AUDITED,"Editorial hypothesis; verify live top 10 and GSC"
pajak,"pajak belanja UMKM pemerintah daerah",P0,NOT_FULLY_AUDITED,"Editorial hypothesis; verify live top 10 and GSC"
pajak,"pajak honorarium kegiatan pemerintah",P0,NOT_FULLY_AUDITED,"Editorial hypothesis; verify live top 10 and GSC"
pajak,"contoh perhitungan pajak SPJ belanja",P0,NOT_FULLY_AUDITED,"Editorial hypothesis; verify live top 10 and GSC"
pajak,"pajak sewa kendaraan pemerintah daerah",P0,NOT_FULLY_AUDITED,"Editorial hypothesis; verify live top 10 and GSC"
pajak,"pajak jasa pemeliharaan kantor",P0,NOT_FULLY_AUDITED,"Editorial hypothesis; verify live top 10 and GSC"
pajak,"checklist pajak SPJ bendahara",P0,NOT_FULLY_AUDITED,"Editorial hypothesis; verify live top 10 and GSC"
penatausahaan,"checklist SPJ belanja barang",P1,NOT_FULLY_AUDITED,"Editorial hypothesis; verify live top 10 and GSC"
penatausahaan,"kelengkapan SPM GU pemerintah daerah",P1,NOT_FULLY_AUDITED,"Editorial hypothesis; verify live top 10 and GSC"
penatausahaan,"kelengkapan SPM TU pemerintah daerah",P1,NOT_FULLY_AUDITED,"Editorial hypothesis; verify live top 10 and GSC"
penatausahaan,"kelengkapan SPM LS barang jasa",P1,NOT_FULLY_AUDITED,"Editorial hypothesis; verify live top 10 and GSC"
penatausahaan,"perbedaan UP GU TU LS",P1,NOT_FULLY_AUDITED,"Editorial hypothesis; verify live top 10 and GSC"
penatausahaan,"cara menghitung revolving UP",P1,NOT_FULLY_AUDITED,"Editorial hypothesis; verify live top 10 and GSC"
penatausahaan,"contoh rekonsiliasi BKU rekening koran",P1,NOT_FULLY_AUDITED,"Editorial hypothesis; verify live top 10 and GSC"
penatausahaan,"selisih tanggal SP2D dan tanggal cair",P1,NOT_FULLY_AUDITED,"Editorial hypothesis; verify live top 10 and GSC"
penatausahaan,"penyebab SPM ditolak",P1,NOT_FULLY_AUDITED,"Editorial hypothesis; verify live top 10 and GSC"
penatausahaan,"cara koreksi retur SP2D",P1,NOT_FULLY_AUDITED,"Editorial hypothesis; verify live top 10 and GSC"
penatausahaan,"rekonsiliasi SP2D dengan BKU",P1,NOT_FULLY_AUDITED,"Editorial hypothesis; verify live top 10 and GSC"
penatausahaan,"contoh daftar penguji SP2D",P1,NOT_FULLY_AUDITED,"Editorial hypothesis; verify live top 10 and GSC"
penatausahaan,"cara menggunakan KKPD bendahara",P1,NOT_FULLY_AUDITED,"Editorial hypothesis; verify live top 10 and GSC"
penatausahaan,"SPJ pembayaran melalui KKPD",P1,NOT_FULLY_AUDITED,"Editorial hypothesis; verify live top 10 and GSC"
penatausahaan,"kesalahan umum penatausahaan SIPD RI",P1,NOT_FULLY_AUDITED,"Editorial hypothesis; verify live top 10 and GSC"
perjalanan-dinas,"checklist SPJ perjalanan dinas",P2,NOT_FULLY_AUDITED,"Editorial hypothesis; verify live top 10 and GSC"
perjalanan-dinas,"SPJ perjalanan dinas tanpa menginap",P2,NOT_FULLY_AUDITED,"Editorial hypothesis; verify live top 10 and GSC"
perjalanan-dinas,"dua pegawai satu kamar hotel perjalanan dinas",P2,NOT_FULLY_AUDITED,"Editorial hypothesis; verify live top 10 and GSC"
perjalanan-dinas,"biaya penginapan 30 persen perjalanan dinas",P2,NOT_FULLY_AUDITED,"Editorial hypothesis; verify live top 10 and GSC"
perjalanan-dinas,"bukti transportasi perjalanan dinas",P2,NOT_FULLY_AUDITED,"Editorial hypothesis; verify live top 10 and GSC"
perjalanan-dinas,"perjalanan dinas dibiayai pihak lain",P2,NOT_FULLY_AUDITED,"Editorial hypothesis; verify live top 10 and GSC"
perjalanan-dinas,"contoh perhitungan biaya perjalanan dinas",P2,NOT_FULLY_AUDITED,"Editorial hypothesis; verify live top 10 and GSC"
perjalanan-dinas,"kelengkapan perjalanan dinas dalam daerah",P2,NOT_FULLY_AUDITED,"Editorial hypothesis; verify live top 10 and GSC"
kepegawaian,"kalkulator masa kerja PNS",P2,NOT_FULLY_AUDITED,"Editorial hypothesis; verify live top 10 and GSC"
kepegawaian,"kalkulator usia pensiun PNS",P2,NOT_FULLY_AUDITED,"Editorial hypothesis; verify live top 10 and GSC"
kepegawaian,"cara menghitung masa kerja golongan PNS",P2,NOT_FULLY_AUDITED,"Editorial hypothesis; verify live top 10 and GSC"
kepegawaian,"BUP jabatan fungsional ahli muda",P2,NOT_FULLY_AUDITED,"Editorial hypothesis; verify live top 10 and GSC"
kepegawaian,"simulasi tabungan pensiun ASN",P2,NOT_FULLY_AUDITED,"Editorial hypothesis; verify live top 10 and GSC"
kepegawaian,"checklist berkas pensiun PNS",P2,NOT_FULLY_AUDITED,"Editorial hypothesis; verify live top 10 and GSC"
kepegawaian,"cara menghitung sisa masa kerja ASN",P2,NOT_FULLY_AUDITED,"Editorial hypothesis; verify live top 10 and GSC"
kepegawaian,"perbedaan BUP struktural dan fungsional",P2,NOT_FULLY_AUDITED,"Editorial hypothesis; verify live top 10 and GSC"
kepegawaian,"kalkulator kenaikan gaji berkala PNS",P2,NOT_FULLY_AUDITED,"Editorial hypothesis; verify live top 10 and GSC"
kepegawaian,"simulasi kebutuhan dana pensiun PNS",P2,NOT_FULLY_AUDITED,"Editorial hypothesis; verify live top 10 and GSC"
kepegawaian,"persiapan pensiun ASN 5 tahun sebelum pensiun",P2,NOT_FULLY_AUDITED,"Editorial hypothesis; verify live top 10 and GSC"
kepegawaian,"dokumen usulan pensiun ASN",P2,NOT_FULLY_AUDITED,"Editorial hypothesis; verify live top 10 and GSC"
